ExecutionDate,ForecastDate,Horizon,Prediction,Actual
1990-09-01,1990-10-01,1,-0.1606231333388639,-1.6037078968348606
1990-09-01,1990-11-01,2,0.26912358539928216,-0.9680971898948603
1990-09-01,1990-12-01,3,0.5868341003461426,-1.0266385005860936
1990-09-01,1991-01-01,4,0.8169179693039426,-1.2740079945094738
1990-09-01,1991-02-01,5,0.9833702315684869,-0.7751346268749875
1990-09-01,1991-03-01,6,1.1033987799511398,-0.29771916826951594
1990-09-01,1991-04-01,7,1.1902351719397082,-0.9727994441075547
1990-09-01,1991-05-01,8,1.2515405598003904,-1.250994204966524
1990-09-01,1991-06-01,9,1.2913829241256722,-0.6835941192351389
1990-09-01,1991-07-01,10,1.3135846346817235,-1.136599701596895
1990-09-01,1991-08-01,11,1.3202089798364811,-2.1085998781299944
1990-09-01,1991-09-01,12,1.3147078081944077,-2.447259797606499
1990-09-01,1991-10-01,13,1.3081416902507401,-3.459851754339707
1990-09-01,1991-11-01,14,1.3007911852991083,-3.9914559943904293
1990-09-01,1991-12-01,15,1.2928632361583043,-3.7931949550272703
1990-09-01,1992-01-01,16,1.285822540675922,-3.7637424648960716
1990-09-01,1992-02-01,17,1.2794365477922414,-2.9445823401205002
1990-09-01,1992-03-01,18,1.2735337254774528,-2.265985803628291
1990-09-01,1992-04-01,19,1.267987549945247,-2.4100317335164654
1990-09-01,1992-05-01,20,1.2627046959374808,-2.8422680215235077
1990-09-01,1992-06-01,21,1.2576163257606625,-3.8378031174072085
1990-09-01,1992-07-01,22,1.2526716639926012,-4.002735660957742
1990-09-01,1992-08-01,23,1.247833258122117,-5.127956973419357
1990-09-01,1992-09-01,24,1.2430734827497418,-5.005130149426236
1990-09-01,1992-10-01,25,1.2383719610513801,-3.86325138393396
1990-09-01,1992-11-01,26,1.2337136628242495,-2.819974737694884
1990-09-01,1992-12-01,27,1.2290875015866523,-2.808291897806063
1990-09-01,1993-01-01,28,1.2247525989400916,-3.5277552373034164
1990-09-01,1993-02-01,29,1.2206326847199704,-3.89704534261046
1990-09-01,1993-03-01,30,1.2166715012686986,-3.5448358757673253
1990-09-01,1993-04-01,31,1.2128275523529488,-4.33223877121382
1990-09-01,1993-05-01,32,1.2090702299127785,-2.8886919959686246
1990-09-01,1993-06-01,33,1.2053769571132578,-2.946559896224945
1990-09-01,1993-07-01,34,1.2017310810309252,-2.4283531634248683
1990-09-01,1993-08-01,35,1.198120318278355,-2.706280219410719
1990-09-01,1993-09-01,36,1.194535608481374,-2.2020302660568634
1990-09-01,1993-10-01,37,1.1909702685924501,-2.0233503467767364
1990-09-01,1993-11-01,38,1.1874193691038377,-2.317425416884381
1990-09-01,1993-12-01,39,1.1838792739361856,-1.7611203193425609
1990-09-01,1994-01-01,40,1.1808076063331758,-1.889445607493758
1990-09-01,1994-02-01,41,1.178081493796333,-1.4298325931567903
1990-09-01,1994-03-01,42,1.1756103043452564,-0.6292201563625335
1990-09-01,1994-04-01,43,1.173327186926409,0.4525732437996935
1990-09-01,1994-05-01,44,1.1711828315344845,0.6789205212887691
1990-09-01,1994-06-01,45,1.1691408666158525,1.2041510050157664
1990-09-01,1994-07-01,46,1.1671744641475519,0.5191104309769662
1990-09-01,1994-08-01,47,1.1652638355097849,0.4700259103935908
1990-09-01,1994-09-01,48,1.1633943844165557,1.1808172388152647
1990-09-01,1994-10-01,49,1.161555344498934,0.9981575135605179
1990-09-01,1994-11-01,50,1.1597387743729204,2.555430709834532
1990-09-01,1994-12-01,51,1.1579388163915012,4.2352787849926585
1990-09-01,1995-01-01,52,1.1570711872631796,1.9741336112955366
1990-09-01,1995-02-01,53,1.1568912913746048,0.7595413817340142
1990-09-01,1995-03-01,54,1.1572187125712738,1.0981916768287228
1990-09-01,1995-04-01,55,1.157920374105993,0.46655851359859524
1990-09-01,1995-05-01,56,1.1588981172493407,-1.0433808472143182
1990-09-01,1995-06-01,57,1.160079539149173,-0.5995982350541881
1990-09-01,1995-07-01,58,1.1614112347446484,-0.8432131245761192
1990-09-01,1995-08-01,59,1.162853811934784,-0.24104501252960858
1990-09-01,1995-09-01,60,1.1643782147171908,0.1242958734384345
1990-08-01,1990-09-01,1,-0.5794224099002043,-0.7408997348118894
1990-08-01,1990-10-01,2,-0.08269884940002936,-1.6037078968348606
1990-08-01,1990-11-01,3,0.2840453206851794,-0.9680971898948603
1990-08-01,1990-12-01,4,0.554290429536493,-1.0266385005860936
1990-08-01,1991-01-01,5,0.7493741202356774,-1.2740079945094738
1990-08-01,1991-02-01,6,0.8898507805544484,-0.7751346268749875
1990-08-01,1991-03-01,7,0.9901799615467372,-0.29771916826951594
1990-08-01,1991-04-01,8,1.0618624565510912,-0.9727994441075547
1990-08-01,1991-05-01,9,1.1122630886823663,-1.250994204966524
1990-08-01,1991-06-01,10,1.1458066384427437,-0.6835941192351389
1990-08-01,1991-07-01,11,1.1667410943493288,-1.136599701596895
1990-08-01,1991-08-01,12,1.1785417486119292,-2.1085998781299944
1990-08-01,1991-09-01,13,1.18460050567196,-2.447259797606499
1990-08-01,1991-10-01,14,1.186425105304095,-3.459851754339707
1990-08-01,1991-11-01,15,1.185127709295402,-3.9914559943904293
1990-08-01,1991-12-01,16,1.1815286870628992,-3.7931949550272703
1990-08-01,1992-01-01,17,1.1798770922826967,-3.7637424648960716
1990-08-01,1992-02-01,18,1.1796621720419647,-2.9445823401205002
1990-08-01,1992-03-01,19,1.1805071768890936,-2.265985803628291
1990-08-01,1992-04-01,20,1.1821342030838333,-2.4100317335164654
1990-08-01,1992-05-01,21,1.1843382589925817,-2.8422680215235077
1990-08-01,1992-06-01,22,1.1869681355406572,-3.8378031174072085
1990-08-01,1992-07-01,23,1.1899122955786248,-4.002735660957742
1990-08-01,1992-08-01,24,1.1930884653778373,-5.127956973419357
1990-08-01,1992-09-01,25,1.196435956947947,-5.005130149426236
1990-08-01,1992-10-01,26,1.199910004705678,-3.86325138393396
1990-08-01,1992-11-01,27,1.2034775880006086,-2.819974737694884
1990-08-01,1992-12-01,28,1.2071143496618506,-2.808291897806063
1990-08-01,1993-01-01,29,1.208881339648336,-3.5277552373034164
1990-08-01,1993-02-01,30,1.2092692716856284,-3.89704534261046
1990-08-01,1993-03-01,31,1.2086401136173373,-3.5448358757673253
1990-08-01,1993-04-01,32,1.2072608657528792,-4.33223877121382
1990-08-01,1993-05-01,33,1.2053284769762234,-2.8886919959686246
1990-08-01,1993-06-01,34,1.202988223752463,-2.946559896224945
1990-08-01,1993-07-01,35,1.200347267135682,-2.4283531634248683
1990-08-01,1993-08-01,36,1.1974846528993595,-2.706280219410719
1990-08-01,1993-09-01,37,1.1944586879876506,-2.2020302660568634
1990-08-01,1993-10-01,38,1.1913123816477853,-2.0233503467767364
1990-08-01,1993-11-01,39,1.1880774590025363,-2.317425416884381
1990-08-01,1993-12-01,40,1.1847773216037902,-1.7611203193425609
1990-08-01,1994-01-01,41,1.1818860512800995,-1.889445607493758
1990-08-01,1994-02-01,42,1.1792964137745465,-1.4298325931567903
1990-08-01,1994-03-01,43,1.1769293092882704,-0.6292201563625335
1990-08-01,1994-04-01,44,1.1747263909977064,0.4525732437996935
1990-08-01,1994-05-01,45,1.1726446202107905,0.6789205212887691
1990-08-01,1994-06-01,46,1.1706522500568348,1.2041510050157664
1990-08-01,1994-07-01,47,1.1687258629135613,0.5191104309769662
1990-08-01,1994-08-01,48,1.166848185108087,0.4700259103935908
1990-08-01,1994-09-01,49,1.1650064749627689,1.1808172388152647
1990-08-01,1994-10-01,50,1.16319133376058,0.9981575135605179
1990-08-01,1994-11-01,51,1.1613958286709527,2.555430709834532
1990-08-01,1994-12-01,52,1.1596148457887312,4.2352787849926585
1990-08-01,1995-01-01,53,1.1587576841444984,1.9741336112955366
1990-08-01,1995-02-01,54,1.1585820037631254,0.7595413817340142
1990-08-01,1995-03-01,55,1.158909046076795,1.0981916768287228
1990-08-01,1995-04-01,56,1.159606952421449,0.46655851359859524
1990-08-01,1995-05-01,57,1.1605784591674253,-1.0433808472143182
1990-08-01,1995-06-01,58,1.1617518212108755,-0.5995982350541881
1990-08-01,1995-07-01,59,1.1630741168187346,-0.8432131245761192
1990-08-01,1995-08-01,60,1.164506309044633,-0.24104501252960858
1989-12-01,1990-01-01,1,0.3842007668950025,0.30612178147216523
1989-12-01,1990-02-01,2,0.6076069122816063,0.8176197562096037
1989-12-01,1990-03-01,3,0.7669179528431844,1.6196512277273807
1989-12-01,1990-04-01,4,0.8777899072963204,2.062556534019971
1989-12-01,1990-05-01,5,0.9547915280352115,1.0081197557124713
1989-12-01,1990-06-01,6,1.0100752099898478,0.3264386515772397
1989-12-01,1990-07-01,7,1.0513698599301402,-0.7588913302971004
1989-12-01,1990-08-01,8,1.08430711467626,-1.2513878714040996
1989-12-01,1990-09-01,9,1.1102621163880748,-0.7408997348118894
1989-12-01,1990-10-01,10,1.1288218800630394,-1.6037078968348606
1989-12-01,1990-11-01,11,1.1412499675153025,-0.9680971898948603
1989-12-01,1990-12-01,12,1.1490696233915665,-1.0266385005860936
1989-12-01,1991-01-01,13,1.1558980542138049,-1.2740079945094738
1989-12-01,1991-02-01,14,1.1619975172432162,-0.7751346268749875
1989-12-01,1991-03-01,15,1.1675609369217566,-0.29771916826951594
1989-12-01,1991-04-01,16,1.1727302343650083,-0.9727994441075547
1989-12-01,1991-05-01,17,1.177609811093514,-1.250994204966524
1989-12-01,1991-06-01,18,1.1822764680748286,-0.6835941192351389
1989-12-01,1991-07-01,19,1.1867867024719474,-1.136599701596895
1989-12-01,1991-08-01,20,1.191182075352928,-2.1085998781299944
1989-12-01,1991-09-01,21,1.1954931603410297,-2.447259797606499
1989-12-01,1991-10-01,22,1.1997424483616068,-3.459851754339707
1989-12-01,1991-11-01,23,1.2039464844620986,-3.9914559943904293
1989-12-01,1991-12-01,24,1.208117439721676,-3.7931949550272703
1989-12-01,1992-01-01,25,1.21118572101691,-3.7637424648960716
1989-12-01,1992-02-01,26,1.2134428418731131,-2.9445823401205002
1989-12-01,1992-03-01,27,1.215103248488185,-2.265985803628291
1989-12-01,1992-04-01,28,1.216324693994657,-2.4100317335164654
1989-12-01,1992-05-01,29,1.217223226385301,-2.8422680215235077
1989-12-01,1992-06-01,30,1.2178842140861503,-3.8378031174072085
1989-12-01,1992-07-01,31,1.2183704567026923,-4.002735660957742
1989-12-01,1992-08-01,32,1.2187281515309587,-5.127956973419357
1989-12-01,1992-09-01,33,1.2189912827041955,-5.005130149426236
1989-12-01,1992-10-01,34,1.2191848499823825,-3.86325138393396
1989-12-01,1992-11-01,35,1.2193272439478096,-2.819974737694884
1989-12-01,1992-12-01,36,1.2194319932710422,-2.808291897806063
1989-12-01,1993-01-01,37,1.2185800197931096,-3.5277552373034164
1989-12-01,1993-02-01,38,1.21702440625473,-3.89704534261046
1989-12-01,1993-03-01,39,1.214951327976499,-3.5448358757673253
1989-12-01,1993-04-01,40,1.2124977411498485,-4.33223877121382
1989-12-01,1993-05-01,41,1.2097643948807917,-2.8886919959686246
1989-12-01,1993-06-01,42,1.2068254032442705,-2.946559896224945
1989-12-01,1993-07-01,43,1.2037352867778894,-2.4283531634248683
1989-12-01,1993-08-01,44,1.200534152418445,-2.706280219410719
1989-12-01,1993-09-01,45,1.197251504020468,-2.2020302660568634
1989-12-01,1993-10-01,46,1.1939090454893317,-2.0233503467767364
1989-12-01,1993-11-01,47,1.1905227428510496,-2.317425416884381
1989-12-01,1993-12-01,48,1.1871043411734146,-1.7611203193425609
1989-12-01,1994-01-01,49,1.1845896611362696,-1.889445607493758
1989-12-01,1994-02-01,50,1.1827397861696771,-1.4298325931567903
1989-12-01,1994-03-01,51,1.1813789619926534,-0.6292201563625335
1989-12-01,1994-04-01,52,1.1803778984212145,0.4525732437996935
1989-12-01,1994-05-01,53,1.1796414856715134,0.6789205212887691
1989-12-01,1994-06-01,54,1.1790997580995641,1.2041510050157664
1989-12-01,1994-07-01,55,1.1787012468538949,0.5191104309769662
1989-12-01,1994-08-01,56,1.178408089885064,0.4700259103935908
1989-12-01,1994-09-01,57,1.178192434720227,1.1808172388152647
1989-12-01,1994-10-01,58,1.1780337922349187,0.9981575135605179
1989-12-01,1994-11-01,59,1.1779170900072495,2.555430709834532
1989-12-01,1994-12-01,60,1.1778312403061655,4.2352787849926585
1990-05-01,1990-06-01,1,1.0775147370009903,0.3264386515772397
1990-05-01,1990-07-01,2,1.1302280092641994,-0.7588913302971004
1990-05-01,1990-08-01,3,1.171942890112038,-1.2513878714040996
1990-05-01,1990-09-01,4,1.204886500736773,-0.7408997348118894
1990-05-01,1990-10-01,5,1.2297367913332304,-1.6037078968348606
1990-05-01,1990-11-01,6,1.2479807210353884,-0.9680971898948603
1990-05-01,1990-12-01,7,1.2606581915006951,-1.0266385005860936
1990-05-01,1991-01-01,8,1.2663119711751136,-1.2740079945094738
1990-05-01,1991-02-01,9,1.2678074343021455,-0.7751346268749875
1990-05-01,1991-03-01,10,1.2669915032634602,-0.29771916826951594
1990-05-01,1991-04-01,11,1.2659815402421875,-0.9727994441075547
1990-05-01,1991-05-01,12,1.2650206834359992,-1.250994204966524
1990-05-01,1991-06-01,13,1.2629836526596547,-0.6835941192351389
1990-05-01,1991-07-01,14,1.2601561144163567,-1.136599701596895
1990-05-01,1991-08-01,15,1.2567479891773392,-2.1085998781299944
1990-05-01,1991-09-01,16,1.252913535835978,-2.447259797606499
1990-05-01,1991-10-01,17,1.2487661106644998,-3.459851754339707
1990-05-01,1991-11-01,18,1.244389012856601,-3.9914559943904293
1990-05-01,1991-12-01,19,1.2398434543180745,-3.7931949550272703
1990-05-01,1992-01-01,20,1.236913158856563,-3.7637424648960716
1990-05-01,1992-02-01,21,1.2351698608564514,-2.9445823401205002
1990-05-01,1992-03-01,22,1.2342988515583402,-2.265985803628291
1990-05-01,1992-04-01,23,1.2340688688683645,-2.4100317335164654
1990-05-01,1992-05-01,24,1.2343099710410819,-2.8422680215235077
1990-05-01,1992-06-01,25,1.2348972772703548,-3.8378031174072085
1990-05-01,1992-07-01,26,1.2357390195470723,-4.002735660957742
1990-05-01,1992-08-01,27,1.2367677626289018,-5.127956973419357
1990-05-01,1992-09-01,28,1.2379339520807005,-5.005130149426236
1990-05-01,1992-10-01,29,1.2392011730855457,-3.86325138393396
1990-05-01,1992-11-01,30,1.240542666406667,-2.819974737694884
1990-05-01,1992-12-01,31,1.241938768160179,-2.808291897806063
1990-05-01,1993-01-01,32,1.242026829455508,-3.5277552373034164
1990-05-01,1993-02-01,33,1.2411538397446686,-3.89704534261046
1990-05-01,1993-03-01,34,1.2395747823970087,-3.5448358757673253
1990-05-01,1993-04-01,35,1.2374770305902718,-4.33223877121382
1990-05-01,1993-05-01,36,1.2349982745043293,-2.8886919959686246
1990-05-01,1993-06-01,37,1.2322396950263208,-2.946559896224945
1990-05-01,1993-07-01,38,1.2292756443793946,-2.4283531634248683
1990-05-01,1993-08-01,39,1.2261607598824231,-2.706280219410719
1990-05-01,1993-09-01,40,1.2229351914593498,-2.2020302660568634
1990-05-01,1993-10-01,41,1.2196284430472626,-2.0233503467767364
1990-05-01,1993-11-01,42,1.2162621954351505,-2.317425416884381
1990-05-01,1993-12-01,43,1.2128523806122895,-1.7611203193425609
1990-05-01,1994-01-01,44,1.2098786232822811,-1.889445607493758
1990-05-01,1994-02-01,45,1.2072253394011034,-1.4298325931567903
1990-05-01,1994-03-01,46,1.2048075926315711,-0.6292201563625335
1990-05-01,1994-04-01,47,1.2025629679445653,0.4525732437996935
1990-05-01,1994-05-01,48,1.2004455999771366,0.6789205212887691
1990-05-01,1994-06-01,49,1.1984217848024974,1.2041510050157664
1990-05-01,1994-07-01,50,1.1964667552620094,0.5191104309769662
1990-05-01,1994-08-01,51,1.1945623113346584,0.4700259103935908
1990-05-01,1994-09-01,52,1.1926950788263784,1.1808172388152647
1990-05-01,1994-10-01,53,1.1908552297769501,0.9981575135605179
1990-05-01,1994-11-01,54,1.1890355421576684,2.555430709834532
1990-05-01,1994-12-01,55,1.1872307088950511,4.2352787849926585
1990-05-01,1995-01-01,56,1.1863720818274026,1.9741336112955366
1990-05-01,1995-02-01,57,1.186208808298386,0.7595413817340142
1990-05-01,1995-03-01,58,1.1865565505406184,1.0981916768287228
1990-05-01,1995-04-01,59,1.1872798489071261,0.46655851359859524
1990-05-01,1995-05-01,60,1.1882791615836594,-1.0433808472143182
1990-01-01,1990-02-01,1,0.5505100256878227,0.8176197562096037
1990-01-01,1990-03-01,2,0.7272143893808036,1.6196512277273807
1990-01-01,1990-04-01,3,0.8527886561441234,2.062556534019971
1990-01-01,1990-05-01,4,0.9432831180460274,1.0081197557124713
1990-01-01,1990-06-01,5,1.0113044527292152,0.3264386515772397
1990-01-01,1990-07-01,6,1.0649635078664508,-0.7588913302971004
1990-01-01,1990-08-01,7,1.110472009130603,-1.2513878714040996
1990-01-01,1990-09-01,8,1.1487495658066518,-0.7408997348118894
1990-01-01,1990-10-01,9,1.179501108735316,-1.6037078968348606
1990-01-01,1990-11-01,10,1.2047346774166146,-0.9680971898948603
1990-01-01,1990-12-01,11,1.2263786058316573,-1.0266385005860936
1990-01-01,1991-01-01,12,1.242548415210798,-1.2740079945094738
1990-01-01,1991-02-01,13,1.251358031336079,-0.7751346268749875
1990-01-01,1991-03-01,14,1.2547594629086016,-0.29771916826951594
1990-01-01,1991-04-01,15,1.254187464665908,-0.9727994441075547
1990-01-01,1991-05-01,16,1.2506966019328751,-1.250994204966524
1990-01-01,1991-06-01,17,1.2450619951202506,-0.6835941192351389
1990-01-01,1991-07-01,18,1.2378533684405015,-1.136599701596895
1990-01-01,1991-08-01,19,1.2294894768234352,-2.1085998781299944
1990-01-01,1991-09-01,20,1.2202781105146416,-2.447259797606499
1990-01-01,1991-10-01,21,1.2104454990547342,-3.459851754339707
1990-01-01,1991-11-01,22,1.2001579236446476,-3.9914559943904293
1990-01-01,1991-12-01,23,1.1895376025579454,-3.7931949550272703
1990-01-01,1992-01-01,24,1.1830268151864898,-3.7637424648960716
1990-01-01,1992-02-01,25,1.179536894285981,-2.9445823401205002
1990-01-01,1992-03-01,26,1.1782676531889131,-2.265985803628291
1990-01-01,1992-04-01,27,1.1786309427739983,-2.4100317335164654
1990-01-01,1992-05-01,28,1.1801944646933578,-2.8422680215235077
1990-01-01,1992-06-01,29,1.1826404732526739,-3.8378031174072085
1990-01-01,1992-07-01,30,1.1857354206743351,-4.002735660957742
1990-01-01,1992-08-01,31,1.1893076459110488,-5.127956973419357
1990-01-01,1992-09-01,32,1.1932309755895607,-5.005130149426236
1990-01-01,1992-10-01,33,1.1974126704585883,-3.86325138393396
1990-01-01,1992-11-01,34,1.2017845658474462,-2.819974737694884
1990-01-01,1992-12-01,35,1.2062965597704074,-2.808291897806063
1990-01-01,1993-01-01,36,1.2086742065396405,-3.5277552373034164
1990-01-01,1993-02-01,37,1.2094832320567839,-3.89704534261046
1990-01-01,1993-03-01,38,1.2091394533098367,-3.5448358757673253
1990-01-01,1993-04-01,39,1.2079485019892182,-4.33223877121382
1990-01-01,1993-05-01,40,1.2061350219407396,-2.8886919959686246
1990-01-01,1993-06-01,41,1.2038641297310022,-2.946559896224945
1990-01-01,1993-07-01,42,1.201257188484504,-2.4283531634248683
1990-01-01,1993-08-01,43,1.1984034018902516,-2.706280219410719
1990-01-01,1993-09-01,44,1.1953683359703293,-2.2020302660568634
1990-01-01,1993-10-01,45,1.1922001827074789,-2.0233503467767364
1990-01-01,1993-11-01,46,1.188934363905216,-2.317425416884381
1990-01-01,1993-12-01,47,1.1855969150939971,-1.7611203193425609
1990-01-01,1994-01-01,48,1.1831438402132868,-1.889445607493758
1990-01-01,1994-02-01,49,1.181340793421934,-1.4298325931567903
1990-01-01,1994-03-01,50,1.1800155270155266,-0.6292201563625335
1990-01-01,1994-04-01,51,1.1790414363505615,0.4525732437996935
1990-01-01,1994-05-01,52,1.1783254651171666,0.6789205212887691
1990-01-01,1994-06-01,53,1.1777992155333383,1.2041510050157664
1990-01-01,1994-07-01,54,1.1774124142045106,0.5191104309769662
1990-01-01,1994-08-01,55,1.1771281094324395,0.4700259103935908
1990-01-01,1994-09-01,56,1.1769191411652742,1.1808172388152647
1990-01-01,1994-10-01,57,1.1767655463579694,0.9981575135605179
1990-01-01,1994-11-01,58,1.1766526518733138,2.555430709834532
1990-01-01,1994-12-01,59,1.1765696727356119,4.2352787849926585
1990-01-01,1995-01-01,60,,1.9741336112955366
1990-10-01,1990-11-01,1,-0.8018891408567053,-0.9680971898948603
1990-10-01,1990-12-01,2,-0.2058362390707575,-1.0266385005860936
1990-10-01,1991-01-01,3,0.23346900704661544,-1.2740079945094738
1990-10-01,1991-02-01,4,0.5572490895038813,-0.7751346268749875
1990-10-01,1991-03-01,5,0.7955493027874626,-0.29771916826951594
1990-10-01,1991-04-01,6,0.9711453108653377,-0.9727994441075547
1990-10-01,1991-05-01,7,1.0995316622968911,-1.250994204966524
1990-10-01,1991-06-01,8,1.19083565358755,-0.6835941192351389
1990-10-01,1991-07-01,9,1.2528008241946216,-1.136599701596895
1990-10-01,1991-08-01,10,1.2911447660827715,-2.1085998781299944
1990-10-01,1991-09-01,11,1.311165083948465,-2.447259797606499
1990-10-01,1991-10-01,12,1.3178196101535025,-3.459851754339707
1990-10-01,1991-11-01,13,1.3204109381568852,-3.9914559943904293
1990-10-01,1991-12-01,14,1.319991976170412,-3.7931949550272703
1990-10-01,1992-01-01,15,1.3175769643516448,-3.7637424648960716
1990-10-01,1992-02-01,16,1.3136834655687124,-2.9445823401205002
1990-10-01,1992-03-01,17,1.308695053301468,-2.265985803628291
1990-10-01,1992-04-01,18,1.3028959994348457,-2.4100317335164654
1990-10-01,1992-05-01,19,1.2964969819156484,-2.8422680215235077
1990-10-01,1992-06-01,20,1.2896541370921275,-3.8378031174072085
1990-10-01,1992-07-01,21,1.2824831796956737,-4.002735660957742
1990-10-01,1992-08-01,22,1.2750698673762697,-5.127956973419357
1990-10-01,1992-09-01,23,1.2674777561305504,-5.005130149426236
1990-10-01,1992-10-01,24,1.2597539479687447,-3.86325138393396
1990-10-01,1992-11-01,25,1.2519333505989791,-2.819974737694884
1990-10-01,1992-12-01,26,1.2440418343447932,-2.808291897806063
1990-10-01,1993-01-01,27,1.2372966093172704,-3.5277552373034164
1990-10-01,1993-02-01,28,1.2314010672156375,-3.89704534261046
1990-10-01,1993-03-01,29,1.2261353870446439,-3.5448358757673253
1990-10-01,1993-04-01,30,1.2213366560613768,-4.33223877121382
1990-10-01,1993-05-01,31,1.216884137103406,-2.8886919959686246
1990-10-01,1993-06-01,32,1.2126883499792338,-2.946559896224945
1990-10-01,1993-07-01,33,1.208682979518941,-2.4283531634248683
1990-10-01,1993-08-01,34,1.2048188785061464,-2.706280219410719
1990-10-01,1993-09-01,35,1.2010596231587116,-2.2020302660568634
1990-10-01,1993-10-01,36,1.1973782192271738,-2.0233503467767364
1990-10-01,1993-11-01,37,1.193754660833673,-2.317425416884381
1990-10-01,1993-12-01,38,1.1901741212899577,-1.7611203193425609
1990-10-01,1994-01-01,39,1.1870729960393551,-1.889445607493758
1990-10-01,1994-02-01,40,1.1843272092480277,-1.4298325931567903
1990-10-01,1994-03-01,41,1.1818448064054063,-0.6292201563625335
1990-10-01,1994-04-01,42,1.179557638607294,0.4525732437996935
1990-10-01,1994-05-01,43,1.1774151996502658,0.6789205212887691
1990-10-01,1994-06-01,44,1.1753800586076066,1.2041510050157664
1990-10-01,1994-07-01,45,1.1734244748411333,0.5191104309769662
1990-10-01,1994-08-01,46,1.1715278893344363,0.4700259103935908
1990-10-01,1994-09-01,47,1.1696750654813814,1.1808172388152647
1990-10-01,1994-10-01,48,1.1678547111958928,0.9981575135605179
1990-10-01,1994-11-01,49,1.166058457736341,2.555430709834532
1990-10-01,1994-12-01,50,1.1642801028965937,4.2352787849926585
1990-10-01,1995-01-01,51,1.1629621367917815,1.9741336112955366
1990-10-01,1995-02-01,52,1.1619853718545432,0.7595413817340142
1990-10-01,1995-03-01,53,1.1612614763468099,1.0981916768287228
1990-10-01,1995-04-01,54,1.160724986259852,0.46655851359859524
1990-10-01,1995-05-01,55,1.160327385210627,-1.0433808472143182
1990-10-01,1995-06-01,56,1.1600327169619715,-0.5995982350541881
1990-10-01,1995-07-01,57,1.1598143337938815,-0.8432131245761192
1990-10-01,1995-08-01,58,1.1596524866714901,-0.24104501252960858
1990-10-01,1995-09-01,59,1.1595325392815172,0.1242958734384345
1990-10-01,1995-10-01,60,1.1594436444272331,-0.8282967499158284
1990-03-01,1990-04-01,1,1.5367466692195468,2.062556534019971
1990-03-01,1990-05-01,2,1.4719522519023889,1.0081197557124713
1990-03-01,1990-06-01,3,1.4228928750416516,0.3264386515772397
1990-03-01,1990-07-01,4,1.387445971098203,-0.7588913302971004
1990-03-01,1990-08-01,5,1.3635561910300873,-1.2513878714040996
1990-03-01,1990-09-01,6,1.3469916360832164,-0.7408997348118894
1990-03-01,1990-10-01,7,1.333800239625852,-1.6037078968348606
1990-03-01,1990-11-01,8,1.321887425489201,-0.9680971898948603
1990-03-01,1990-12-01,9,1.3095313944043578,-1.0266385005860936
1990-03-01,1991-01-01,10,1.2946382314554097,-1.2740079945094738
1990-03-01,1991-02-01,11,1.2790947181576748,-0.7751346268749875
1990-03-01,1991-03-01,12,1.2634190065526998,-0.29771916826951594
1990-03-01,1991-04-01,13,1.251740503099018,-0.9727994441075547
1990-03-01,1991-05-01,14,1.2430003960747602,-1.250994204966524
1990-03-01,1991-06-01,15,1.2364203412095573,-0.6835941192351389
1990-03-01,1991-07-01,16,1.2314281689753068,-1.136599701596895
1990-03-01,1991-08-01,17,1.2276032711895197,-2.1085998781299944
1990-03-01,1991-09-01,18,1.2246364541001569,-2.447259797606499
1990-03-01,1991-10-01,19,1.2223004259418837,-3.459851754339707
1990-03-01,1991-11-01,20,1.220428102010503,-3.9914559943904293
1990-03-01,1991-12-01,21,1.2188966564819372,-3.7931949550272703
1990-03-01,1992-01-01,22,1.2180227227679905,-3.7637424648960716
1990-03-01,1992-02-01,23,1.2176321445603342,-2.9445823401205002
1990-03-01,1992-03-01,24,1.2175968976206804,-2.265985803628291
1990-03-01,1992-04-01,25,1.217822869908396,-2.4100317335164654
1990-03-01,1992-05-01,26,1.2182408786164316,-2.8422680215235077
1990-03-01,1992-06-01,27,1.2188000666945482,-3.8378031174072085
1990-03-01,1992-07-01,28,1.2194630485601106,-4.002735660957742
1990-03-01,1992-08-01,29,1.220202341656116,-5.127956973419357
1990-03-01,1992-09-01,30,1.2209977432498225,-5.005130149426236
1990-03-01,1992-10-01,31,1.2218344020882501,-3.86325138393396
1990-03-01,1992-11-01,32,1.2227014008506962,-2.819974737694884
1990-03-01,1992-12-01,33,1.223590714093822,-2.808291897806063
1990-03-01,1993-01-01,34,1.2233085591334685,-3.5277552373034164
1990-03-01,1993-02-01,35,1.222165400283862,-3.89704534261046
1990-03-01,1993-03-01,36,1.2203894632888053,-3.5448358757673253
1990-03-01,1993-04-01,37,1.218148519404532,-4.33223877121382
1990-03-01,1993-05-01,38,1.215565899121241,-2.8886919959686246
1990-03-01,1993-06-01,39,1.2127322640278608,-2.946559896224945
1990-03-01,1993-07-01,40,1.2097142604407383,-2.4283531634248683
1990-03-01,1993-08-01,41,1.2065608807823105,-2.706280219410719
1990-03-01,1993-09-01,42,1.2033081399013028,-2.2020302660568634
1990-03-01,1993-10-01,43,1.1999825126877046,-2.0233503467767364
1990-03-01,1993-11-01,44,1.1966034611017617,-2.317425416884381
1990-03-01,1993-12-01,45,1.1931852918210901,-1.7611203193425609
1990-03-01,1994-01-01,46,1.1906725575743775,-1.889445607493758
1990-03-01,1994-02-01,47,1.188825418689155,-1.4298325931567903
1990-03-01,1994-03-01,48,1.1874675663552816,-0.6292201563625335
1990-03-01,1994-04-01,49,1.1864693940059499,0.4525732437996935
1990-03-01,1994-05-01,50,1.1857356264127326,0.6789205212887691
1990-03-01,1994-06-01,51,1.1851962256957957,1.2041510050157664
1990-03-01,1994-07-01,52,1.1847997062308844,0.5191104309769662
1990-03-01,1994-08-01,53,1.1845082203631117,0.4700259103935908
1990-03-01,1994-09-01,54,1.1842939458605213,1.1808172388152647
1990-03-01,1994-10-01,55,1.184136430291032,0.9981575135605179
1990-03-01,1994-11-01,56,1.1840206388443988,2.555430709834532
1990-03-01,1994-12-01,57,1.1839355192644303,4.2352787849926585
1990-03-01,1995-01-01,58,,1.9741336112955366
1990-03-01,1995-02-01,59,,0.7595413817340142
1990-03-01,1995-03-01,60,,1.0981916768287228
1990-04-01,1990-05-01,1,1.870287719177298,1.0081197557124713
1990-04-01,1990-06-01,2,1.7285262824068617,0.3264386515772397
1990-04-01,1990-07-01,3,1.6257505777334766,-0.7588913302971004
1990-04-01,1990-08-01,4,1.5528433377228483,-1.2513878714040996
1990-04-01,1990-09-01,5,1.5006385026057365,-0.7408997348118894
1990-04-01,1990-10-01,6,1.4614516906139043,-1.6037078968348606
1990-04-01,1990-11-01,7,1.4306291881699362,-0.9680971898948603
1990-04-01,1990-12-01,8,1.4045470460328033,-1.0266385005860936
1990-04-01,1991-01-01,9,1.3789773820638684,-1.2740079945094738
1990-04-01,1991-02-01,10,1.3546448907882542,-0.7751346268749875
1990-04-01,1991-03-01,11,1.3315465743347812,-0.29771916826951594
1990-04-01,1991-04-01,12,1.309616414886765,-0.9727994441075547
1990-04-01,1991-05-01,13,1.29296195834471,-1.250994204966524
1990-04-01,1991-06-01,14,1.2801862796838683,-0.6835941192351389
1990-04-01,1991-07-01,15,1.2702623514465472,-1.136599701596895
1990-04-01,1991-08-01,16,1.262435097030983,-2.1085998781299944
1990-04-01,1991-09-01,17,1.256149379696133,-2.447259797606499
1990-04-01,1991-10-01,18,1.250997059656597,-3.459851754339707
1990-04-01,1991-11-01,19,1.2466780701489868,-3.9914559943904293
1990-04-01,1991-12-01,20,1.2429718003281334,-3.7931949550272703
1990-04-01,1992-01-01,21,1.2402450643081362,-3.7637424648960716
1990-04-01,1992-02-01,22,1.2382384872713383,-2.9445823401205002
1990-04-01,1992-03-01,23,1.2367613753339477,-2.265985803628291
1990-04-01,1992-04-01,24,1.2356735292366678,-2.4100317335164654
1990-04-01,1992-05-01,25,1.2348718736636237,-2.8422680215235077
1990-04-01,1992-06-01,26,1.234280627039392,-3.8378031174072085
1990-04-01,1992-07-01,27,1.2338440743062504,-4.002735660957742
1990-04-01,1992-08-01,28,1.23352125342772,-5.127956973419357
1990-04-01,1992-09-01,29,1.233282048874874,-5.005130149426236
1990-04-01,1992-10-01,30,1.233104319534608,-3.86325138393396
1990-04-01,1992-11-01,31,1.2329717871310022,-2.819974737694884
1990-04-01,1992-12-01,32,1.2328724837803373,-2.808291897806063
1990-04-01,1993-01-01,33,1.231867099396304,-3.5277552373034164
1990-04-01,1993-02-01,34,1.2301957137624826,-3.89704534261046
1990-04-01,1993-03-01,35,1.2280348349149879,-3.5448358757673253
1990-04-01,1993-04-01,36,1.2255142325691837,-4.33223877121382
1990-04-01,1993-05-01,37,1.2227293141535103,-2.8886919959686246
1990-04-01,1993-06-01,38,1.2197502237419795,-2.946559896224945
1990-04-01,1993-07-01,39,1.2166285316425909,-2.4283531634248683
1990-04-01,1993-08-01,40,1.2134021526218843,-2.706280219410719
1990-04-01,1993-09-01,41,1.210098961812411,-2.2020302660568634
1990-04-01,1993-10-01,42,1.2067394531490656,-2.0233503467767364
1990-04-01,1993-11-01,43,1.203338693867036,-2.317425416884381
1990-04-01,1993-12-01,44,1.1999077614601332,-1.7611203193425609
1990-04-01,1994-01-01,45,1.1973853198769073,-1.889445607493758
1990-04-01,1994-02-01,46,1.1955308060636982,-1.4298325931567903
1990-04-01,1994-03-01,47,1.1941673566556907,-0.6292201563625335
1990-04-01,1994-04-01,48,1.1931649406720755,0.4525732437996935
1990-04-01,1994-05-01,49,1.1924279585748256,0.6789205212887691
1990-04-01,1994-06-01,50,1.1918861250241397,1.2041510050157664
1990-04-01,1994-07-01,51,1.1914877658268883,0.5191104309769662
1990-04-01,1994-08-01,52,1.191194889813888,0.4700259103935908
1990-04-01,1994-09-01,53,1.1909795656552322,1.1808172388152647
1990-04-01,1994-10-01,54,1.1908212580737205,0.9981575135605179
1990-04-01,1994-11-01,55,1.190704869413384,2.555430709834532
1990-04-01,1994-12-01,56,1.190619299789203,4.2352787849926585
1990-04-01,1995-01-01,57,,1.9741336112955366
1990-04-01,1995-02-01,58,,0.7595413817340142
1990-04-01,1995-03-01,59,,1.0981916768287228
1990-04-01,1995-04-01,60,,0.46655851359859524
1990-02-01,1990-03-01,1,0.9743346827107564,1.6196512277273807
1990-02-01,1990-04-01,2,1.0800355105526613,2.062556534019971
1990-02-01,1990-05-01,3,1.1517422364423557,1.0081197557124713
1990-02-01,1990-06-01,4,1.2030593649971013,0.3264386515772397
1990-02-01,1990-07-01,5,1.2415426546124206,-0.7588913302971004
1990-02-01,1990-08-01,6,1.274716989712028,-1.2513878714040996
1990-02-01,1990-09-01,7,1.3008507009003152,-0.7408997348118894
1990-02-01,1990-10-01,8,1.3169178137208,-1.6037078968348606
1990-02-01,1990-11-01,9,1.3242432543341405,-0.9680971898948603
1990-02-01,1990-12-01,10,1.3226612863558727,-1.0266385005860936
1990-02-01,1991-01-01,11,1.3047410913597026,-1.2740079945094738
1990-02-01,1991-02-01,12,1.2744229671502538,-0.7751346268749875
1990-02-01,1991-03-01,13,1.2530153068422905,-0.29771916826951594
1990-02-01,1991-04-01,14,1.2381494019412438,-0.9727994441075547
1990-02-01,1991-05-01,15,1.2280862624214695,-1.250994204966524
1990-02-01,1991-06-01,16,1.2215492067900564,-0.6835941192351389
1990-02-01,1991-07-01,17,1.2176009578910842,-1.136599701596895
1990-02-01,1991-08-01,18,1.21555341265004,-2.1085998781299944
1990-02-01,1991-09-01,19,1.2149013994286881,-2.447259797606499
1990-02-01,1991-10-01,20,1.215274045911538,-3.459851754339707
1990-02-01,1991-11-01,21,1.2163990757841863,-3.9914559943904293
1990-02-01,1991-12-01,22,1.2180765970989709,-3.7931949550272703
1990-02-01,1992-01-01,23,1.219308151286962,-3.7637424648960716
1990-02-01,1992-02-01,24,1.2202122981997854,-2.9445823401205002
1990-02-01,1992-03-01,25,1.220876078687838,-2.265985803628291
1990-02-01,1992-04-01,26,1.2213633938907886,-2.4100317335164654
1990-02-01,1992-05-01,27,1.2217211569032618,-2.8422680215235077
1990-02-01,1992-06-01,28,1.2219838090272237,-3.8378031174072085
1990-02-01,1992-07-01,29,1.2221766353838244,-4.002735660957742
1990-02-01,1992-08-01,30,1.222318199073617,-5.127956973419357
1990-02-01,1992-09-01,31,1.2224221282180605,-5.005130149426236
1990-02-01,1992-10-01,32,1.2224984279180797,-3.86325138393396
1990-02-01,1992-11-01,33,1.2225544434299382,-2.819974737694884
1990-02-01,1992-12-01,34,1.2225955672819058,-2.808291897806063
1990-02-01,1993-01-01,35,1.221687283200615,-3.5277552373034164
1990-02-01,1993-02-01,36,1.220082146042573,-3.89704534261046
1990-02-01,1993-03-01,37,1.2179655692180762,-3.5448358757673253
1990-02-01,1993-04-01,38,1.2154736741680523,-4.33223877121382
1990-02-01,1993-05-01,39,1.2127063945778593,-2.8886919959686246
1990-02-01,1993-06-01,40,1.209737096850802,-2.946559896224945
1990-02-01,1993-07-01,41,1.206619642989746,-2.4283531634248683
1990-02-01,1993-08-01,42,1.2033935758197172,-2.706280219410719
1990-02-01,1993-09-01,43,1.20008792572499,-2.2020302660568634
1990-02-01,1993-10-01,44,1.1967240053694663,-2.0233503467767364
1990-02-01,1993-11-01,45,1.193317461443832,-2.317425416884381
1990-02-01,1993-12-01,46,1.189879780958073,-1.7611203193425609
1990-02-01,1994-01-01,47,1.1873560039056459,-1.889445607493758
1990-02-01,1994-02-01,48,1.1855031701019387,-1.4298325931567903
1990-02-01,1994-03-01,49,1.1841429100501017,-0.6292201563625335
1990-02-01,1994-04-01,50,1.1831442735804294,0.4525732437996935
1990-02-01,1994-05-01,51,1.1824111234763646,0.6789205212887691
1990-02-01,1994-06-01,52,1.1818728804906395,1.2041510050157664
1990-02-01,1994-07-01,53,1.181477728788313,0.5191104309769662
1990-02-01,1994-08-01,54,1.181187627715019,0.4700259103935908
1990-02-01,1994-09-01,55,1.180974649680936,1.1808172388152647
1990-02-01,1994-10-01,56,1.180818291614118,0.9981575135605179
1990-02-01,1994-11-01,57,1.180703501160895,2.555430709834532
1990-02-01,1994-12-01,58,1.1806192276186382,4.2352787849926585
1990-02-01,1995-01-01,59,,1.9741336112955366
1990-02-01,1995-02-01,60,,0.7595413817340142
1989-10-01,1989-11-01,1,0.18282840959400937,-0.24914119099276752
1989-10-01,1989-12-01,2,0.4598295593379981,0.07647059755068451
1989-10-01,1990-01-01,3,0.6614828066970705,0.30612178147216523
1989-10-01,1990-02-01,4,0.8074463755996519,0.8176197562096037
1989-10-01,1990-03-01,5,0.9095876993199514,1.6196512277273807
1989-10-01,1990-04-01,6,0.9771658984494648,2.062556534019971
1989-10-01,1990-05-01,7,1.022525854744564,1.0081197557124713
1989-10-01,1990-06-01,8,1.0559864812086353,0.3264386515772397
1989-10-01,1990-07-01,9,1.083912301467991,-0.7588913302971004
1989-10-01,1990-08-01,10,1.1119916975856337,-1.2513878714040996
1989-10-01,1990-09-01,11,1.1393075288179153,-0.7408997348118894
1989-10-01,1990-10-01,12,1.1648078118850078,-1.6037078968348606
1989-10-01,1990-11-01,13,1.1809752443602757,-0.9680971898948603
1989-10-01,1990-12-01,14,1.1902868066593795,-1.0266385005860936
1989-10-01,1991-01-01,15,,-1.2740079945094738
1989-10-01,1991-02-01,16,,-0.7751346268749875
1989-10-01,1991-03-01,17,,-0.29771916826951594
1989-10-01,1991-04-01,18,,-0.9727994441075547
1989-10-01,1991-05-01,19,,-1.250994204966524
1989-10-01,1991-06-01,20,,-0.6835941192351389
1989-10-01,1991-07-01,21,,-1.136599701596895
1989-10-01,1991-08-01,22,,-2.1085998781299944
1989-10-01,1991-09-01,23,,-2.447259797606499
1989-10-01,1991-10-01,24,,-3.459851754339707
1989-10-01,1991-11-01,25,,-3.9914559943904293
1989-10-01,1991-12-01,26,,-3.7931949550272703
1989-10-01,1992-01-01,27,,-3.7637424648960716
1989-10-01,1992-02-01,28,,-2.9445823401205002
1989-10-01,1992-03-01,29,,-2.265985803628291
1989-10-01,1992-04-01,30,,-2.4100317335164654
1989-10-01,1992-05-01,31,,-2.8422680215235077
1989-10-01,1992-06-01,32,,-3.8378031174072085
1989-10-01,1992-07-01,33,,-4.002735660957742
1989-10-01,1992-08-01,34,,-5.127956973419357
1989-10-01,1992-09-01,35,,-5.005130149426236
1989-10-01,1992-10-01,36,,-3.86325138393396
1989-10-01,1992-11-01,37,,-2.819974737694884
1989-10-01,1992-12-01,38,,-2.808291897806063
1989-10-01,1993-01-01,39,,-3.5277552373034164
1989-10-01,1993-02-01,40,,-3.89704534261046
1989-10-01,1993-03-01,41,,-3.5448358757673253
1989-10-01,1993-04-01,42,,-4.33223877121382
1989-10-01,1993-05-01,43,,-2.8886919959686246
1989-10-01,1993-06-01,44,,-2.946559896224945
1989-10-01,1993-07-01,45,,-2.4283531634248683
1989-10-01,1993-08-01,46,,-2.706280219410719
1989-10-01,1993-09-01,47,,-2.2020302660568634
1989-10-01,1993-10-01,48,,-2.0233503467767364
1989-10-01,1993-11-01,49,,-2.317425416884381
1989-10-01,1993-12-01,50,,-1.7611203193425609
1989-10-01,1994-01-01,51,,-1.889445607493758
1989-10-01,1994-02-01,52,,-1.4298325931567903
1989-10-01,1994-03-01,53,,-0.6292201563625335
1989-10-01,1994-04-01,54,,0.4525732437996935
1989-10-01,1994-05-01,55,,0.6789205212887691
1989-10-01,1994-06-01,56,,1.2041510050157664
1989-10-01,1994-07-01,57,,0.5191104309769662
1989-10-01,1994-08-01,58,,0.4700259103935908
1989-10-01,1994-09-01,59,,1.1808172388152647
1989-10-01,1994-10-01,60,,0.9981575135605179
1991-01-01,1991-02-01,1,-0.5904639133841867,-0.7751346268749875
1991-01-01,1991-03-01,2,-0.08501611353117561,-0.29771916826951594
1991-01-01,1991-04-01,3,0.29065880564904767,-0.9727994441075547
1991-01-01,1991-05-01,4,0.5690818232294166,-1.250994204966524
1991-01-01,1991-06-01,5,0.7705234355185775,-0.6835941192351389
1991-01-01,1991-07-01,6,0.9148919794677606,-1.136599701596895
1991-01-01,1991-08-01,7,1.0130526657267738,-2.1085998781299944
1991-01-01,1991-09-01,8,1.07715685171775,-2.447259797606499
1991-01-01,1991-10-01,9,1.1172001417683712,-3.459851754339707
1991-01-01,1991-11-01,10,1.1452613459657204,-3.9914559943904293
1991-01-01,1991-12-01,11,1.1646400679493878,-3.7931949550272703
1991-01-01,1992-01-01,12,1.1745387906398963,-3.7637424648960716
1991-01-01,1992-02-01,13,1.1789081887495545,-2.9445823401205002
1991-01-01,1992-03-01,14,1.1791664094223657,-2.265985803628291
1991-01-01,1992-04-01,15,1.1763683112351495,-2.4100317335164654
1991-01-01,1992-05-01,16,1.1712985280484944,-2.8422680215235077
1991-01-01,1992-06-01,17,1.1645406926351327,-3.8378031174072085
1991-01-01,1992-07-01,18,1.1565289272498558,-4.002735660957742
1991-01-01,1992-08-01,19,1.1475861438292259,-5.127956973419357
1991-01-01,1992-09-01,20,1.1379525328061169,-5.005130149426236
1991-01-01,1992-10-01,21,1.1278067539275336,-3.86325138393396
1991-01-01,1992-11-01,22,1.1172816986079037,-2.819974737694884
1991-01-01,1992-12-01,23,1.10647621443086,-2.808291897806063
1991-01-01,1993-01-01,24,1.1003891045033465,-3.5277552373034164
1991-01-01,1993-02-01,25,1.0978123847689554,-3.89704534261046
1991-01-01,1993-03-01,26,1.097847521441688,-3.5448358757673253
1991-01-01,1993-04-01,27,1.0998261589444607,-4.33223877121382
1991-01-01,1993-05-01,28,1.1032511550192043,-2.8886919959686246
1991-01-01,1993-06-01,29,1.1077527209082232,-2.946559896224945
1991-01-01,1993-07-01,30,1.1130557971316248,-2.4283531634248683
1991-01-01,1993-08-01,31,1.1189557866314448,-2.706280219410719
1991-01-01,1993-09-01,32,1.1253005043708062,-2.2020302660568634
1991-01-01,1993-10-01,33,1.131976750915105,-2.0233503467767364
1991-01-01,1993-11-01,34,1.138900325466969,-2.317425416884381
1991-01-01,1993-12-01,35,1.1460085972680407,-1.7611203193425609
1991-01-01,1994-01-01,36,1.150858198148645,-1.889445607493758
1991-01-01,1994-02-01,37,1.1540277695399228,-1.4298325931567903
1991-01-01,1994-03-01,38,1.1559477219471122,-0.6292201563625335
1991-01-01,1994-04-01,39,1.156938207354846,0.4525732437996935
1991-01-01,1994-05-01,40,1.157237364218587,0.6789205212887691
1991-01-01,1994-06-01,41,1.1570223269196445,1.2041510050157664
1991-01-01,1994-07-01,42,1.1564248532154806,0.5191104309769662
1991-01-01,1994-08-01,43,1.1555429483966941,0.4700259103935908
1991-01-01,1994-09-01,44,1.1544495116767226,1.1808172388152647
1991-01-01,1994-10-01,45,1.153198767630704,0.9981575135605179
1991-01-01,1994-11-01,46,1.1518310500887885,2.555430709834532
1991-01-01,1994-12-01,47,1.1503763605366188,4.2352787849926585
1991-01-01,1995-01-01,48,1.1492943196805636,1.9741336112955366
1991-01-01,1995-02-01,49,1.148489465880365,0.7595413817340142
1991-01-01,1995-03-01,50,1.1478907919614747,1.0981916768287228
1991-01-01,1995-04-01,51,1.1474454806998877,0.46655851359859524
1991-01-01,1995-05-01,52,1.147114245091589,-1.0433808472143182
1991-01-01,1995-06-01,53,1.1468678623079738,-0.5995982350541881
1991-01-01,1995-07-01,54,1.1466845955499894,-0.8432131245761192
1991-01-01,1995-08-01,55,1.1465482763474486,-0.24104501252960858
1991-01-01,1995-09-01,56,1.146446878116882,0.1242958734384345
1991-01-01,1995-10-01,57,1.1463714551319288,-0.8282967499158284
1991-01-01,1995-11-01,58,1.1463153532983221,-1.3282127707215448
1991-01-01,1995-12-01,59,1.1462736231051194,-0.8690433661209089
1991-01-01,1996-01-01,60,1.1462425829605682,-2.0143273596894025
1990-11-01,1990-12-01,1,-0.3124342677676238,-1.0266385005860936
1990-11-01,1991-01-01,2,0.16989558536660276,-1.2740079945094738
1990-11-01,1991-02-01,3,0.5250494345075076,-0.7751346268749875
1990-11-01,1991-03-01,4,0.7863756369265262,-0.29771916826951594
1990-11-01,1991-04-01,5,0.9790592376500686,-0.9727994441075547
1990-11-01,1991-05-01,6,1.1200016048002346,-1.250994204966524
1990-11-01,1991-06-01,7,1.2193804733764195,-0.6835941192351389
1990-11-01,1991-07-01,8,1.2857213203690812,-1.136599701596895
1990-11-01,1991-08-01,9,1.324358298685811,-2.1085998781299944
1990-11-01,1991-09-01,10,1.3420762821010852,-2.447259797606499
1990-11-01,1991-10-01,11,1.34436894800012,-3.459851754339707
1990-11-01,1991-11-01,12,1.3357173070577864,-3.9914559943904293
1990-11-01,1991-12-01,13,1.326846237467752,-3.7931949550272703
1990-11-01,1992-01-01,14,1.318545096972909,-3.7637424648960716
1990-11-01,1992-02-01,15,1.3106668035312132,-2.9445823401205002
1990-11-01,1992-03-01,16,1.3031023743671992,-2.265985803628291
1990-11-01,1992-04-01,17,1.2957710569169412,-2.4100317335164654
1990-11-01,1992-05-01,18,1.2886130162066833,-2.8422680215235077
1990-11-01,1992-06-01,19,1.2815839164585692,-3.8378031174072085
1990-11-01,1992-07-01,20,1.2746509062517777,-4.002735660957742
1990-11-01,1992-08-01,21,1.2677896436686629,-5.127956973419357
1990-11-01,1992-09-01,22,1.2609820920330714,-5.005130149426236
1990-11-01,1992-10-01,23,1.2542148866302498,-3.86325138393396
1990-11-01,1992-11-01,24,1.2474781245039595,-2.819974737694884
1990-11-01,1992-12-01,25,1.2407644677388627,-2.808291897806063
1990-11-01,1993-01-01,26,1.2348914743819632,-3.5277552373034164
1990-11-01,1993-02-01,27,1.2296415320951821,-3.89704534261046
1990-11-01,1993-03-01,28,1.224853397793798,-3.5448358757673253
1990-11-01,1993-04-01,29,1.2204075960197787,-4.33223877121382
1990-11-01,1993-05-01,30,1.2162155996519122,-2.8886919959686246
1990-11-01,1993-06-01,31,1.2122118131939765,-2.946559896224945
1990-11-01,1993-07-01,32,1.208347632674299,-2.4283531634248683
1990-11-01,1993-08-01,33,1.2045870442410325,-2.706280219410719
1990-11-01,1993-09-01,34,1.2009033628766477,-2.2020302660568634
1990-11-01,1993-10-01,35,1.1972768159005018,-2.0233503467767364
1990-11-01,1993-11-01,36,1.1936927524295589,-2.317425416884381
1990-11-01,1993-12-01,37,1.1901403166519928,-1.7611203193425609
1990-11-01,1994-01-01,38,1.1870597015171114,-1.889445607493758
1990-11-01,1994-02-01,39,1.1843287260503224,-1.4298325931567903
1990-11-01,1994-03-01,40,1.1818568584598261,-0.6292201563625335
1990-11-01,1994-04-01,41,1.1795770178809313,0.4525732437996935
1990-11-01,1994-05-01,42,1.1774394997580253,0.6789205212887691
1990-11-01,1994-06-01,43,1.1754074747670742,1.2041510050157664
1990-11-01,1994-07-01,44,1.173453653676094,0.5191104309769662
1990-11-01,1994-08-01,45,1.171557816124513,0.4700259103935908
1990-11-01,1994-09-01,46,1.1697049795359147,1.1808172388152647
1990-11-01,1994-10-01,47,1.1678840423470267,0.9981575135605179
1990-11-01,1994-11-01,48,1.1660867786883056,2.555430709834532
1990-11-01,1994-12-01,49,1.1643070934777344,4.2352787849926585
1990-11-01,1995-01-01,50,1.1629884095664949,1.9741336112955366
1990-11-01,1995-02-01,51,1.1620113113429253,0.7595413817340142
1990-11-01,1995-03-01,52,1.1612873160546193,1.0981916768287228
1990-11-01,1995-04-01,53,1.1607508611058277,0.46655851359859524
1990-11-01,1995-05-01,54,1.1603533669277142,-1.0433808472143182
1990-11-01,1995-06-01,55,1.160058837774819,-0.5995982350541881
1990-11-01,1995-07-01,56,1.1598406020705458,-0.8432131245761192
1990-11-01,1995-08-01,57,1.1596788971182466,-0.24104501252960858
1990-11-01,1995-09-01,58,1.159559079457405,0.1242958734384345
1990-11-01,1995-10-01,59,1.15947029880075,-0.8282967499158284
1990-11-01,1995-11-01,60,1.15940451546847,-1.3282127707215448
1990-07-01,1990-08-01,1,-0.21156841129000953,-1.2513878714040996
1990-07-01,1990-09-01,2,0.19364121572462034,-0.7408997348118894
1990-07-01,1990-10-01,3,0.4926959311732383,-1.6037078968348606
1990-07-01,1990-11-01,4,0.7126296447315918,-0.9680971898948603
1990-07-01,1990-12-01,5,0.8731113595827509,-1.0266385005860936
1990-07-01,1991-01-01,6,0.9863011689986729,-1.2740079945094738
1990-07-01,1991-02-01,7,1.0652479360493055,-0.7751346268749875
1990-07-01,1991-03-01,8,1.119917430799596,-0.29771916826951594
1990-07-01,1991-04-01,9,1.1575188581930873,-0.9727994441075547
1990-07-01,1991-05-01,10,1.1824629505059943,-1.250994204966524
1990-07-01,1991-06-01,11,1.196364022934809,-0.6835941192351389
1990-07-01,1991-07-01,12,1.20154076211463,-1.136599701596895
1990-07-01,1991-08-01,13,1.2030208048187458,-2.1085998781299944
1990-07-01,1991-09-01,14,1.2017813819320289,-2.447259797606499
1990-07-01,1991-10-01,15,1.1985416461135667,-3.459851754339707
1990-07-01,1991-11-01,16,1.1938308279184788,-3.9914559943904293
1990-07-01,1991-12-01,17,1.1880383925053437,-3.7931949550272703
1990-07-01,1992-01-01,18,1.184974317656386,-3.7637424648960716
1990-07-01,1992-02-01,19,1.1839183245527827,-2.9445823401205002
1990-07-01,1992-03-01,20,1.1843403535420536,-2.265985803628291
1990-07-01,1992-04-01,21,1.1858503289793343,-2.4100317335164654
1990-07-01,1992-05-01,22,1.1881611907190053,-2.8422680215235077
1990-07-01,1992-06-01,23,1.191061688654515,-3.8378031174072085
1990-07-01,1992-07-01,24,1.194396361973791,-4.002735660957742
1990-07-01,1992-08-01,25,1.198050805711943,-5.127956973419357
1990-07-01,1992-09-01,26,1.201940828273937,-5.005130149426236
1990-07-01,1992-10-01,27,1.2060044723573125,-3.86325138393396
1990-07-01,1992-11-01,28,1.2101961430769326,-2.819974737694884
1990-07-01,1992-12-01,29,1.2144822867987997,-2.808291897806063
1990-07-01,1993-01-01,30,1.2167040260441726,-3.5277552373034164
1990-07-01,1993-02-01,31,1.2174067061665472,-3.89704534261046
1990-07-01,1993-03-01,32,1.2169916517258212,-3.5448358757673253
1990-07-01,1993-04-01,33,1.2157542010752889,-4.33223877121382
1990-07-01,1993-05-01,34,1.2139116963587375,-2.8886919959686246
1990-07-01,1993-06-01,35,1.2116240816028625,-2.946559896224945
1990-07-01,1993-07-01,36,1.2090090610400575,-2.4283531634248683
1990-07-01,1993-08-01,37,1.2061532542554694,-2.706280219410719
1990-07-01,1993-09-01,38,1.2031204053607614,-2.2020302660568634
1990-07-01,1993-10-01,39,1.1999574241994475,-2.0233503467767364
1990-07-01,1993-11-01,40,1.1966988321246255,-2.317425416884381
1990-07-01,1993-12-01,41,1.1933700336870785,-1.7611203193425609
1990-07-01,1994-01-01,42,1.1904549552572317,-1.889445607493758
1990-07-01,1994-02-01,43,1.1878443757723545,-1.4298325931567903
1990-07-01,1994-03-01,44,1.1854579184598046,-0.6292201563625335
1990-07-01,1994-04-01,45,1.1832364333212997,0.4525732437996935
1990-07-01,1994-05-01,46,1.181136391334089,0.6789205212887691
1990-07-01,1994-06-01,47,1.1791257590928188,1.2041510050157664
1990-07-01,1994-07-01,48,1.177180962921108,0.5191104309769662
1990-07-01,1994-08-01,49,1.175284654733761,0.4700259103935908
1990-07-01,1994-09-01,50,1.1734240679145282,1.1808172388152647
1990-07-01,1994-10-01,51,1.1715898073916589,0.9981575135605179
1990-07-01,1994-11-01,52,1.1697749592435418,2.555430709834532
1990-07-01,1994-12-01,53,1.1679744354494264,4.2352787849926585
1990-07-01,1995-01-01,54,1.1671143742816785,1.9741336112955366
1990-07-01,1995-02-01,55,1.1669464466913602,0.7595413817340142
1990-07-01,1995-03-01,56,1.167287905085096,1.0981916768287228
1990-07-01,1995-04-01,57,1.16800426385672,0.46655851359859524
1990-07-01,1995-05-01,58,1.1689965538336358,-1.0433808472143182
1990-07-01,1995-06-01,59,1.1701919427084313,-0.5995982350541881
1990-07-01,1995-07-01,60,1.1715368325295434,-0.8432131245761192
1989-11-01,1989-12-01,1,0.1534479451569815,0.07647059755068451
1989-11-01,1990-01-01,2,0.4467385439790801,0.30612178147216523
1989-11-01,1990-02-01,3,0.6590012587293311,0.8176197562096037
1989-11-01,1990-03-01,4,0.8093835156495722,1.6196512277273807
1989-11-01,1990-04-01,5,0.9127769785410562,2.062556534019971
1989-11-01,1990-05-01,6,0.9838353353213547,1.0081197557124713
1989-11-01,1990-06-01,7,1.0344097600110838,0.3264386515772397
1989-11-01,1990-07-01,8,1.0722220116321055,-0.7588913302971004
1989-11-01,1990-08-01,9,1.1027535614586985,-1.2513878714040996
1989-11-01,1990-09-01,10,1.1267894252615935,-0.7408997348118894
1989-11-01,1990-10-01,11,1.1432593132240587,-1.6037078968348606
1989-11-01,1990-11-01,12,1.1535542270891912,-0.9680971898948603
1989-11-01,1990-12-01,13,1.1582754439056413,-1.0266385005860936
1989-11-01,1991-01-01,14,1.162821743699141,-1.2740079945094738
1989-11-01,1991-02-01,15,1.1672397122630618,-0.7751346268749875
1989-11-01,1991-03-01,16,1.1715635826423605,-0.29771916826951594
1989-11-01,1991-04-01,17,1.1758185106144057,-0.9727994441075547
1989-11-01,1991-05-01,18,1.1800229816364043,-1.250994204966524
1989-11-01,1991-06-01,19,1.1841905795615688,-0.6835941192351389
1989-11-01,1991-07-01,20,1.1883312863587794,-1.136599701596895
1989-11-01,1991-08-01,21,1.192452437195837,-2.1085998781299944
1989-11-01,1991-09-01,22,1.1965594222708247,-2.447259797606499
1989-11-01,1991-10-01,23,1.2006562025443894,-3.459851754339707
1989-11-01,1991-11-01,24,1.2047456887193624,-3.9914559943904293
1989-11-01,1991-12-01,25,1.2088300197293431,-3.7931949550272703
1989-11-01,1992-01-01,26,1.2118313409148598,-3.7637424648960716
1989-11-01,1992-02-01,27,1.214036825445036,-2.9445823401205002
1989-11-01,1992-03-01,28,1.215657499045822,-2.265985803628291
1989-11-01,1992-04-01,29,1.2168484314166215,-2.4100317335164654
1989-11-01,1992-05-01,30,1.2177235736483023,-2.8422680215235077
1989-11-01,1992-06-01,31,1.218366661320155,-3.8378031174072085
1989-11-01,1992-07-01,32,1.2188392265086667,-4.002735660957742
1989-11-01,1992-08-01,33,1.2191864853151524,-5.127956973419357
1989-11-01,1992-09-01,34,1.2194416642441412,-5.005130149426236
1989-11-01,1992-10-01,35,1.2196291793901468,-3.86325138393396
1989-11-01,1992-11-01,36,1.219766972624568,-2.819974737694884
1989-11-01,1992-12-01,37,1.2198682283143438,-2.808291897806063
1989-11-01,1993-01-01,38,1.218998315921485,-3.5277552373034164
1989-11-01,1993-02-01,39,1.217414909234486,-3.89704534261046
1989-11-01,1993-03-01,40,1.2153073566906103,-3.5448358757673253
1989-11-01,1993-04-01,41,1.2128147986701263,-4.33223877121382
1989-11-01,1993-05-01,42,1.2100394807705919,-2.8886919959686246
1989-11-01,1993-06-01,43,1.207056536905253,-2.946559896224945
1989-11-01,1993-07-01,44,1.2039211782944395,-2.4283531634248683
1989-11-01,1993-08-01,45,1.2006739762088399,-2.706280219410719
1989-11-01,1993-09-01,46,1.1973447439294285,-2.2020302660568634
1989-11-01,1993-10-01,47,1.1939553893587105,-2.0233503467767364
1989-11-01,1993-11-01,48,1.1905220112275536,-2.317425416884381
1989-11-01,1993-12-01,49,1.1870564394673957,-1.7611203193425609
1989-11-01,1994-01-01,50,1.184509806024055,-1.889445607493758
1989-11-01,1994-02-01,51,1.1826384432754027,-1.4298325931567903
1989-11-01,1994-03-01,52,1.1812632950198887,-0.6292201563625335
1989-11-01,1994-04-01,53,1.1802527839759955,0.4525732437996935
1989-11-01,1994-05-01,54,1.1795102221716698,0.6789205212887691
1989-11-01,1994-06-01,55,1.1789645596214424,1.2041510050157664
1989-11-01,1994-07-01,56,1.1785635861038362,0.5191104309769662
1989-11-01,1994-08-01,57,1.178268935569812,0.4700259103935908
1989-11-01,1994-09-01,58,1.1780524151928078,1.1808172388152647
1989-11-01,1994-10-01,59,1.1778933078156117,0.9981575135605179
1989-11-01,1994-11-01,60,1.1777763896861106,2.555430709834532
1990-06-01,1990-07-01,1,0.5568780697522382,-0.7588913302971004
1990-06-01,1990-08-01,2,0.7308421774618508,-1.2513878714040996
1990-06-01,1990-09-01,3,0.8621627147281118,-0.7408997348118894
1990-06-01,1990-10-01,4,0.9601881805582968,-1.6037078968348606
1990-06-01,1990-11-01,5,1.0329135765532758,-0.9680971898948603
1990-06-01,1990-12-01,6,1.0862288497396761,-1.0266385005860936
1990-06-01,1991-01-01,7,1.1207043164178627,-1.2740079945094738
1990-06-01,1991-02-01,8,1.1432019306149517,-0.7751346268749875
1990-06-01,1991-03-01,9,1.158551478777081,-0.29771916826951594
1990-06-01,1991-04-01,10,1.1713548102200007,-0.9727994441075547
1990-06-01,1991-05-01,11,1.1839778890723482,-1.250994204966524
1990-06-01,1991-06-01,12,1.1969030143797015,-0.6835941192351389
1990-06-01,1991-07-01,13,1.2035775959802564,-1.136599701596895
1990-06-01,1991-08-01,14,1.2056610843140867,-2.1085998781299944
1990-06-01,1991-09-01,15,1.204372739137269,-2.447259797606499
1990-06-01,1991-10-01,16,1.2006083956039664,-3.459851754339707
1990-06-01,1991-11-01,17,1.1950262566855439,-3.9914559943904293
1990-06-01,1991-12-01,18,1.1881099280780416,-3.7931949550272703
1990-06-01,1992-01-01,19,1.184547084802298,-3.7637424648960716
1990-06-01,1992-02-01,20,1.1834485842507765,-2.9445823401205002
1990-06-01,1992-03-01,21,1.184161140119078,-2.265985803628291
1990-06-01,1992-04-01,22,1.1862047585731377,-2.4100317335164654
1990-06-01,1992-05-01,23,1.189226770255185,-2.8422680215235077
1990-06-01,1992-06-01,24,1.1929680558747608,-3.8378031174072085
1990-06-01,1992-07-01,25,1.1972382308839318,-4.002735660957742
1990-06-01,1992-08-01,26,1.2018974127276172,-5.127956973419357
1990-06-01,1992-09-01,27,1.2068428245586922,-5.005130149426236
1990-06-01,1992-10-01,28,1.2119989524851276,-3.86325138393396
1990-06-01,1992-11-01,29,1.21731031373037,-2.819974737694884
1990-06-01,1992-12-01,30,1.2227361431295813,-2.808291897806063
1990-06-01,1993-01-01,31,1.225788367939768,-3.5277552373034164
1990-06-01,1993-02-01,32,1.227096771591238,-3.89704534261046
1990-06-01,1993-03-01,33,1.2271240795607716,-3.5448358757673253
1990-06-01,1993-04-01,34,1.2262102735821814,-4.33223877121382
1990-06-01,1993-05-01,35,1.2246051509585443,-2.8886919959686246
1990-06-01,1993-06-01,36,1.2224922471098514,-2.946559896224945
1990-06-01,1993-07-01,37,1.220006412365835,-2.4283531634248683
1990-06-01,1993-08-01,38,1.2172467262947726,-2.706280219410719
1990-06-01,1993-09-01,39,1.2142859863451356,-2.2020302660568634
1990-06-01,1993-10-01,40,1.211177679506421,-2.0233503467767364
1990-06-01,1993-11-01,41,1.2079611046497998,-2.317425416884381
1990-06-01,1993-12-01,42,1.2046651361038705,-1.7611203193425609
1990-06-01,1994-01-01,43,1.2017771492273182,-1.889445607493758
1990-06-01,1994-02-01,44,1.1991889605030395,-1.4298325931567903
1990-06-01,1994-03-01,45,1.1968210834410227,-0.6292201563625335
1990-06-01,1994-04-01,46,1.1946151163331717,0.4525732437996935
1990-06-01,1994-05-01,47,1.1925281492513242,0.6789205212887691
1990-06-01,1994-06-01,48,1.1905286546589622,1.2041510050157664
1990-06-01,1994-07-01,49,1.1885934680895378,0.5191104309769662
1990-06-01,1994-08-01,50,1.1867055697376192,0.4700259103935908
1990-06-01,1994-09-01,51,1.1848524545107153,1.1808172388152647
1990-06-01,1994-10-01,52,1.1830249344452286,0.9981575135605179
1990-06-01,1994-11-01,53,1.1812162587965531,2.555430709834532
1990-06-01,1994-12-01,54,1.1794214675362658,4.2352787849926585
1990-06-01,1995-01-01,55,1.178568656531876,1.9741336112955366
1990-06-01,1995-02-01,56,1.1784079924335877,0.7595413817340142
1990-06-01,1995-03-01,57,1.1787559133140013,1.0981916768287228
1990-06-01,1995-04-01,58,1.179477549344866,0.46655851359859524
1990-06-01,1995-05-01,59,1.1804738066090865,-1.0433808472143182
1990-06-01,1995-06-01,60,1.1816718770930574,-0.5995982350541881
1990-12-01,1991-01-01,1,-0.40027677756086716,-1.2740079945094738
1990-12-01,1991-02-01,2,0.06345175789589741,-0.7751346268749875
1990-12-01,1991-03-01,3,0.406856012392696,-0.29771916826951594
1990-12-01,1991-04-01,4,0.6612488398726677,-0.9727994441075547
1990-12-01,1991-05-01,5,0.8491629838301162,-1.250994204966524
1990-12-01,1991-06-01,6,0.9857970431892302,-0.6835941192351389
1990-12-01,1991-07-01,7,1.083520875677415,-1.136599701596895
1990-12-01,1991-08-01,8,1.1510887364313498,-2.1085998781299944
1990-12-01,1991-09-01,9,1.196729522803661,-2.447259797606499
1990-12-01,1991-10-01,10,1.2270620753093733,-3.459851754339707
1990-12-01,1991-11-01,11,1.2475831655782228,-3.9914559943904293
1990-12-01,1991-12-01,12,1.261539442856066,-3.7931949550272703
1990-12-01,1992-01-01,13,1.2700505119096968,-3.7637424648960716
1990-12-01,1992-02-01,14,1.274518472497294,-2.9445823401205002
1990-12-01,1992-03-01,15,1.2759845594046204,-2.265985803628291
1990-12-01,1992-04-01,16,1.2752220198935993,-2.4100317335164654
1990-12-01,1992-05-01,17,1.2728050868622893,-2.8422680215235077
1990-12-01,1992-06-01,18,1.269160200071023,-3.8378031174072085
1990-12-01,1992-07-01,19,1.2646040443301343,-4.002735660957742
1990-12-01,1992-08-01,20,1.2593717976274426,-5.127956973419357
1990-12-01,1992-09-01,21,1.2536381089075164,-5.005130149426236
1990-12-01,1992-10-01,22,1.2475326767051178,-3.86325138393396
1990-12-01,1992-11-01,23,1.2411518182353498,-2.819974737694884
1990-12-01,1992-12-01,24,1.2345670608948072,-2.808291897806063
1990-12-01,1993-01-01,25,1.228792429539079,-3.5277552373034164
1990-12-01,1993-02-01,26,1.2236195652570547,-3.89704534261046
1990-12-01,1993-03-01,27,1.2188937353876488,-3.5448358757673253
1990-12-01,1993-04-01,28,1.2145000314895296,-4.33223877121382
1990-12-01,1993-05-01,29,1.210353119601741,-2.8886919959686246
1990-12-01,1993-06-01,30,1.2063896285260602,-2.946559896224945
1990-12-01,1993-07-01,31,1.202562497171522,-2.4283531634248683
1990-12-01,1993-08-01,32,1.1988367767484187,-2.706280219410719
1990-12-01,1993-09-01,33,1.1951865133706046,-2.2020302660568634
1990-12-01,1993-10-01,34,1.1915924329965235,-2.0233503467767364
1990-12-01,1993-11-01,35,1.1880402222074313,-2.317425416884381
1990-12-01,1993-12-01,36,1.18451925146949,-1.7611203193425609
1990-12-01,1994-01-01,37,1.1814629846346285,-1.889445607493758
1990-12-01,1994-02-01,38,1.1787518554171814,-1.4298325931567903
1990-12-01,1994-03-01,39,1.1762970708436362,-0.6292201563625335
1990-12-01,1994-04-01,40,1.1740326909862353,0.4525732437996935
1990-12-01,1994-05-01,41,1.1719097471713307,0.6789205212887691
1990-12-01,1994-06-01,42,1.1698918740110316,1.2041510050157664
1990-12-01,1994-07-01,43,1.1679520656385984,0.5191104309769662
1990-12-01,1994-08-01,44,1.1660702668061989,0.4700259103935908
1990-12-01,1994-09-01,45,1.1642315839727106,1.1808172388152647
1990-12-01,1994-10-01,46,1.1624249568119431,0.9981575135605179
1990-12-01,1994-11-01,47,1.1606421716407926,2.555430709834532
1990-12-01,1994-12-01,48,1.1588771287658466,4.2352787849926585
1990-12-01,1995-01-01,49,1.157566362950871,1.9741336112955366
1990-12-01,1995-02-01,50,1.1565929548563163,0.7595413817340142
1990-12-01,1995-03-01,51,1.1558700772013462,1.0981916768287228
1990-12-01,1995-04-01,52,1.1553332498347173,0.46655851359859524
1990-12-01,1995-05-01,53,1.1549345881530615,-1.0433808472143182
1990-12-01,1995-06-01,54,1.1546385318297436,-0.5995982350541881
1990-12-01,1995-07-01,55,1.1544186728600718,-0.8432131245761192
1990-12-01,1995-08-01,56,1.1542553999868446,-0.24104501252960858
1990-12-01,1995-09-01,57,1.1541341493907389,0.1242958734384345
1990-12-01,1995-10-01,58,1.154044105608417,-0.8282967499158284
1990-12-01,1995-11-01,59,1.153977236801209,-1.3282127707215448
1990-12-01,1995-12-01,60,1.153927578321055,-0.8690433661209089
